{"cameraMode":{"drawMode":0,"name":"Shaded","section":"Shading Mode"},"sceneLighting":true,"audioPlay":false,"sceneViewState":{"m_AlwaysRefresh":false,"showFog":true,"showSkybox":true,"showFlares":true,"showImageEffects":true,"showParticleSystems":true,"showVisualEffectGraphs":true,"m_FxEnabled":true},"in2DMode":false,"pivot":{"x":2.271411180496216,"y":2.9666950702667238,"z":-0.009120886214077473},"rotation":{"x":-0.34170663356781008,"y":0.18217849731445313,"z":-0.06770170480012894,"w":-0.9194891452789307},"size":8.186233520507813,"orthographic":false}